app_name,category,appstore_link_url,img_src_url
Tomb of the Mask,Games,https://itunes.apple.com/us/app/tomb-of-the-mask/id1057889290?mt=8&uo=4&v0=WWW-NAUS-ITSTOP100-FREEAPPS&l=en,https://www.apple.com/autopush/us/itunes/charts/free-apps/images/2018/8/41b7865879cc51333148ba3359a5929678d0f93bad55a57f7255eced2021e695.jpg
Go Fish!,Games,https://itunes.apple.com/us/app/go-fish/id1398987473?mt=8&uo=4&v0=WWW-NAUS-ITSTOP100-FREEAPPS&l=en,https://www.apple.com/autopush/us/itunes/charts/free-apps/images/2018/8/e83b9e6075b0c6a37f57075c84e6252dacc971bd75054d827949fbb8cdf7a903.jpg
Hello Stars,Games,https://itunes.apple.com/us/app/hello-stars/id1403455040?mt=8&uo=4&v0=WWW-NAUS-ITSTOP100-FREEAPPS&l=en,https://www.apple.com/autopush/us/itunes/charts/free-apps/images/2018/8/16f247d2ac8e29c0082c3f987c976529aeb0583413f3991340950c15dc9b80db.jpg
Instagram,Photo & Video,https://itunes.apple.com/us/app/instagram/id389801252?mt=8&uo=4&v0=WWW-NAUS-ITSTOP100-FREEAPPS&l=en,https://www.apple.com/autopush/us/itunes/charts/free-apps/images/2018/8/ce89c47dfa33f8762e0288924c69d61ae1e332cbd70b6ad474f2937aecc2b7e4.jpg
Snapchat,Photo & Video,https://itunes.apple.com/us/app/snapchat/id447188370?mt=8&uo=4&v0=WWW-NAUS-ITSTOP100-FREEAPPS&l=en,https://www.apple.com/autopush/us/itunes/charts/free-apps/images/2018/8/bab34ad41b68f87a4cb592fe5bc814ff504166aceab838a6be81327e3eedd1fb.jpg
Messenger,Social Networking,https://itunes.apple.com/us/app/messenger/id454638411?mt=8&uo=4&v0=WWW-NAUS-ITSTOP100-FREEAPPS&l=en,https://www.apple.com/autopush/us/itunes/charts/free-apps/images/2018/8/85b379053b9719a5ea2696ddea3fb9ef18e7bd58e34682481cabcebc48c4e086.jpg
Facebook,Social Networking,https://itunes.apple.com/us/app/facebook/id284882215?mt=8&uo=4&v0=WWW-NAUS-ITSTOP100-FREEAPPS&l=en,https://www.apple.com/autopush/us/itunes/charts/free-apps/images/2018/8/f3e1c375f129c9bd47e93d33ac510574604fd16d6d2f4b102b43d9ce56b27bbe.jpg
Bumper.io,Games,https://itunes.apple.com/us/app/bumper-io/id1402499966?mt=8&uo=4&v0=WWW-NAUS-ITSTOP100-FREEAPPS&l=en,https://www.apple.com/autopush/us/itunes/charts/free-apps/images/2018/8/51ac49011abef3d2efd9e56a676c226b5ac30d8c3b8a7a0353a9104b2b6d9ceb.jpg
Fortnite,Games,https://itunes.apple.com/us/app/fortnite/id1261357853?mt=8&uo=4&v0=WWW-NAUS-ITSTOP100-FREEAPPS&l=en,https://www.apple.com/autopush/us/itunes/charts/free-apps/images/2018/8/9b3795bd45ed10f1883be4e8fbdc8bd64569c45dba2cff51878b4f5e61d4d965.jpg
Google Maps - Transit & Food,Navigation,https://itunes.apple.com/us/app/google-maps-transit-food/id585027354?mt=8&uo=4&v0=WWW-NAUS-ITSTOP100-FREEAPPS&l=en,https://www.apple.com/autopush/us/itunes/charts/free-apps/images/2018/8/f68e574f4dabad5b1e92c193866c4fa7d8d1ee29ff571630f123f1fad9afdfc9.jpg
Netflix,Entertainment,https://itunes.apple.com/us/app/netflix/id363590051?mt=8&uo=4&v0=WWW-NAUS-ITSTOP100-FREEAPPS&l=en,https://www.apple.com/autopush/us/itunes/charts/free-apps/images/2018/8/c819807931cce5204ee18a367560134a2af4b3215336fe8fae52c24fd6170bdf.jpg
Word Link - Word Puzzle Game,Games,https://itunes.apple.com/us/app/word-link-word-puzzle-game/id1347684152?mt=8&uo=4&v0=WWW-NAUS-ITSTOP100-FREEAPPS&l=en,https://www.apple.com/autopush/us/itunes/charts/free-apps/images/2018/8/d7f2da9b533e3691669e42ede9747355dd13c83e3d957d36019cad2c78971c3c.jpg
Gmail - Email by Google,Productivity,https://itunes.apple.com/us/app/gmail-email-by-google/id422689480?mt=8&uo=4&v0=WWW-NAUS-ITSTOP100-FREEAPPS&l=en,https://www.apple.com/autopush/us/itunes/charts/free-apps/images/2018/8/20ade54b8521cb57ddc27dac955fbf4e00b1b09bc8d3e22e29aeea2787d0f464.jpg
Ultra Sharp,Games,https://itunes.apple.com/us/app/ultra-sharp/id1417799395?mt=8&uo=4&v0=WWW-NAUS-ITSTOP100-FREEAPPS&l=en,https://www.apple.com/autopush/us/itunes/charts/free-apps/images/2018/8/72907c9146bfd16993ba5acc7e466579d6badcb1cb371799a54770b7d229c119.jpg
Spotify Music,Music,https://itunes.apple.com/us/app/spotify-music/id324684580?mt=8&uo=4&v0=WWW-NAUS-ITSTOP100-FREEAPPS&l=en,https://www.apple.com/autopush/us/itunes/charts/free-apps/images/2018/8/72f8c102f31bbeb72263b937c16b53f8210e31f306f068bf2e1cc5014e405449.jpg
Helix Jump,Games,https://itunes.apple.com/us/app/helix-jump/id1345968745?mt=8&uo=4&v0=WWW-NAUS-ITSTOP100-FREEAPPS&l=en,https://www.apple.com/autopush/us/itunes/charts/free-apps/images/2018/8/6ee5582e3c9c408d1feced2d19e17317124122d2958a18df94c1b250f87b7c27.jpg
WhatsApp Messenger,Social Networking,https://itunes.apple.com/us/app/whatsapp-messenger/id310633997?mt=8&uo=4&v0=WWW-NAUS-ITSTOP100-FREEAPPS&l=en,https://www.apple.com/autopush/us/itunes/charts/free-apps/images/2018/8/9d754edf550bcc92f0ee5410999a57fb39a92cb4f08c9cda5faff24242121bcd.jpg
TENKYU,Games,https://itunes.apple.com/us/app/tenkyu/id1189800250?mt=8&uo=4&v0=WWW-NAUS-ITSTOP100-FREEAPPS&l=en,https://www.apple.com/autopush/us/itunes/charts/free-apps/images/2018/8/3b3aca42889d654e0337c59ce1081d23c1ad842591493ad6766ee42e22c666f7.jpg
Bitmoji,Utilities,https://itunes.apple.com/us/app/bitmoji/id868077558?mt=8&uo=4&v0=WWW-NAUS-ITSTOP100-FREEAPPS&l=en,https://www.apple.com/autopush/us/itunes/charts/free-apps/images/2018/8/be3701c81395fb2816892ae80330cdd344584eedd31e34753c2b0745255e9098.jpg
Hole.io,Games,https://itunes.apple.com/us/app/hole-io/id1389111413?mt=8&uo=4&v0=WWW-NAUS-ITSTOP100-FREEAPPS&l=en,https://www.apple.com/autopush/us/itunes/charts/free-apps/images/2018/8/11fe23ad1be088c948631c183f1278334312c178722558f383fbde8aafb42246.jpg
Looper!,Games,https://itunes.apple.com/us/app/looper/id1370475630?mt=8&uo=4&v0=WWW-NAUS-ITSTOP100-FREEAPPS&l=en,https://www.apple.com/autopush/us/itunes/charts/free-apps/images/2018/8/599313c4562d4584ba04726b4ad70e36bee7bfe13c997c1dd4b9d1774b7008ac.jpg
Amazon - Shopping made easy,Shopping,https://itunes.apple.com/us/app/amazon-shopping-made-easy/id297606951?mt=8&uo=4&v0=WWW-NAUS-ITSTOP100-FREEAPPS&l=en,https://www.apple.com/autopush/us/itunes/charts/free-apps/images/2018/8/36c62363c839b809fcd9a0f9d23c5edfd3fc6331ca7b4219b8bee34eb5e9964d.jpg
Uber,Travel,https://itunes.apple.com/us/app/uber/id368677368?mt=8&uo=4&v0=WWW-NAUS-ITSTOP100-FREEAPPS&l=en,https://www.apple.com/autopush/us/itunes/charts/free-apps/images/2018/8/4b0f818fb8a19869f3391a1254e1996662bac166e1fc759b589a5e9b143dcf79.jpg
Pandora Music,Music,https://itunes.apple.com/us/app/pandora-music/id284035177?mt=8&uo=4&v0=WWW-NAUS-ITSTOP100-FREEAPPS&l=en,https://www.apple.com/autopush/us/itunes/charts/free-apps/images/2018/8/79090510577db6d5d01c789b6b8d039bf63c18d1dd3178c83b914f7bf00f82bb.jpg
Tik Tok - including musical.ly,Photo & Video,https://itunes.apple.com/us/app/tik-tok-including-musical-ly/id835599320?mt=8&uo=4&v0=WWW-NAUS-ITSTOP100-FREEAPPS&l=en,https://www.apple.com/autopush/us/itunes/charts/free-apps/images/2018/8/2d70863042c6610d13792617dbcdee4419b82119eece96ae30e9087f629407b4.jpg
Creative Destruction,Games,https://itunes.apple.com/us/app/creative-destruction/id1400658719?mt=8&uo=4&v0=WWW-NAUS-ITSTOP100-FREEAPPS&l=en,https://www.apple.com/autopush/us/itunes/charts/free-apps/images/2018/8/115b68ddd2c275d62d7fb91f2368e558f12dbbdd655fd592bdc58fb47d02a9a3.jpg
Merge Plane - Best Idle Game,Games,https://itunes.apple.com/us/app/merge-plane-best-idle-game/id1363863879?mt=8&uo=4&v0=WWW-NAUS-ITSTOP100-FREEAPPS&l=en,https://www.apple.com/autopush/us/itunes/charts/free-apps/images/2018/8/72fcd03b4eed2bc32aa6ecd9dd2454391e0beb4b27915d3376df429d45677bac.jpg
Hello Neighbor,Games,https://itunes.apple.com/us/app/hello-neighbor/id1386358600?mt=8&uo=4&v0=WWW-NAUS-ITSTOP100-FREEAPPS&l=en,https://www.apple.com/autopush/us/itunes/charts/free-apps/images/2018/8/83e573fa861c9a661b25802e7bb2f58f9fc99c4c584802a1f24efb068e9595ed.jpg
Waze Navigation & Live Traffic,Navigation,https://itunes.apple.com/us/app/waze-navigation-live-traffic/id323229106?mt=8&uo=4&v0=WWW-NAUS-ITSTOP100-FREEAPPS&l=en,https://www.apple.com/autopush/us/itunes/charts/free-apps/images/2018/8/a5849b50b6eb5e66b772368e67f4e48a19a36d9bbd880154fed5ed3c7f38ec77.jpg
Wish - Shopping Made Fun,Shopping,https://itunes.apple.com/us/app/wish-shopping-made-fun/id530621395?mt=8&uo=4&v0=WWW-NAUS-ITSTOP100-FREEAPPS&l=en,https://www.apple.com/autopush/us/itunes/charts/free-apps/images/2018/8/4ecb7fe83d04f02e921a34d8fa277586a6c567502aea0d80576c9235f397e1a5.jpg
Cash App,Finance,https://itunes.apple.com/us/app/cash-app/id711923939?mt=8&uo=4&v0=WWW-NAUS-ITSTOP100-FREEAPPS&l=en,https://www.apple.com/autopush/us/itunes/charts/free-apps/images/2018/8/d25d6ead9d631f737292d76d4636d81f0a5d7d7ad481bbb9f7fae303a9e34360.jpg
Perfect Hit . . .,Games,https://itunes.apple.com/us/app/perfect-hit/id1371019709?mt=8&uo=4&v0=WWW-NAUS-ITSTOP100-FREEAPPS&l=en,https://www.apple.com/autopush/us/itunes/charts/free-apps/images/2018/8/37299d618c412f06e9e2759aa2444b866f08ff690884f35dd6fe2e1e8e90abcb.jpg
Google Photos,Photo & Video,https://itunes.apple.com/us/app/google-photos/id962194608?mt=8&uo=4&v0=WWW-NAUS-ITSTOP100-FREEAPPS&l=en,https://www.apple.com/autopush/us/itunes/charts/free-apps/images/2018/8/5832f64fef461659e07b7fe880a3ef845cd8bd20f511b048ea8b77f7cd1069fd.jpg
PLANK!,Games,https://itunes.apple.com/us/app/plank/id1370483471?mt=8&uo=4&v0=WWW-NAUS-ITSTOP100-FREEAPPS&l=en,https://www.apple.com/autopush/us/itunes/charts/free-apps/images/2018/8/30b7a88bcfb6322ddcf598dd73966dc96ababa804461717c1e3e1ac073939374.jpg
Rise Up,Games,https://itunes.apple.com/us/app/rise-up/id1354452189?mt=8&uo=4&v0=WWW-NAUS-ITSTOP100-FREEAPPS&l=en,https://www.apple.com/autopush/us/itunes/charts/free-apps/images/2018/8/43b5c120c6958fa682226b678e9e118a0aa796cffdbe368ca88926a1ebeee8cd.jpg
Lyft,Travel,https://itunes.apple.com/us/app/lyft/id529379082?mt=8&uo=4&v0=WWW-NAUS-ITSTOP100-FREEAPPS&l=en,https://www.apple.com/autopush/us/itunes/charts/free-apps/images/2018/8/cf9f198d610c1424a72b1593ce163faf39e56504a8e4dfc045c0c82d77a9416d.jpg
Pinterest,Social Networking,https://itunes.apple.com/us/app/pinterest/id429047995?mt=8&uo=4&v0=WWW-NAUS-ITSTOP100-FREEAPPS&l=en,https://www.apple.com/autopush/us/itunes/charts/free-apps/images/2018/8/6494b550e02ace5e3755834f0a692f6972afe3ebf68918c63a88ae9207c39e1f.jpg
Uber Eats: Food Delivery,Food & Drink,https://itunes.apple.com/us/app/uber-eats-food-delivery/id1058959277?mt=8&uo=4&v0=WWW-NAUS-ITSTOP100-FREEAPPS&l=en,https://www.apple.com/autopush/us/itunes/charts/free-apps/images/2018/8/caabd6e7ef42baa2262c749205fa2782a588d7e73221b100529c6d5ed9f42732.jpg
McDonald's,Food & Drink,https://itunes.apple.com/us/app/mcdonalds/id922103212?mt=8&uo=4&v0=WWW-NAUS-ITSTOP100-FREEAPPS&l=en,https://www.apple.com/autopush/us/itunes/charts/free-apps/images/2018/8/347d44900739d300775e04fa2761f161130f5b85bb0b85ce8279e909a4c90404.jpg
ROBLOX,Games,https://itunes.apple.com/us/app/roblox/id431946152?mt=8&uo=4&v0=WWW-NAUS-ITSTOP100-FREEAPPS&l=en,https://www.apple.com/autopush/us/itunes/charts/free-apps/images/2018/8/85c3aa8280c4dc9a50b5afdd04b274a9e2771a227987f6e9a3d312bf3ccd3354.jpg
Pokémon GO,Games,https://itunes.apple.com/us/app/pok%C3%A9mon-go/id1094591345?mt=8&uo=4&v0=WWW-NAUS-ITSTOP100-FREEAPPS&l=en,https://www.apple.com/autopush/us/itunes/charts/free-apps/images/2018/8/c228e8fc85d4e6041cdab50acf1404e6932a31efb71ed2d08047b2ffe30ca003.jpg
Hulu: Watch TV Shows & Movies,Entertainment,https://itunes.apple.com/us/app/hulu-watch-tv-shows-movies/id376510438?mt=8&uo=4&v0=WWW-NAUS-ITSTOP100-FREEAPPS&l=en,https://www.apple.com/autopush/us/itunes/charts/free-apps/images/2018/8/0329f5cf7f20b0d110472a4512eb8fe5f80bb9c19015a3af66b13e15a2c37aab.jpg
Venmo: Send & Receive Money,Finance,https://itunes.apple.com/us/app/venmo-send-receive-money/id351727428?mt=8&uo=4&v0=WWW-NAUS-ITSTOP100-FREEAPPS&l=en,https://www.apple.com/autopush/us/itunes/charts/free-apps/images/2018/8/540b27833d4958da4e69f86ebc2d50b5171d3981636d27597748a4479d14a8d9.jpg
Remind: School Communication,Education,https://itunes.apple.com/us/app/remind-school-communication/id522826277?mt=8&uo=4&v0=WWW-NAUS-ITSTOP100-FREEAPPS&l=en,https://www.apple.com/autopush/us/itunes/charts/free-apps/images/2018/8/83c42ceff141018cd8f8ed6b80724fd233eba81d055e6a69377e655edc334480.jpg
OfferUp - Buy. Sell. Simple.,Shopping,https://itunes.apple.com/us/app/offerup-buy-sell-simple/id468996152?mt=8&uo=4&v0=WWW-NAUS-ITSTOP100-FREEAPPS&l=en,https://www.apple.com/autopush/us/itunes/charts/free-apps/images/2018/8/fc588dc2f206d047ffc5849c6fcbf26f225739429888b297cc2b722b7663f4e6.jpg
Yelp: Your Local City Guide,Travel,https://itunes.apple.com/us/app/yelp-your-local-city-guide/id284910350?mt=8&uo=4&v0=WWW-NAUS-ITSTOP100-FREEAPPS&l=en,https://www.apple.com/autopush/us/itunes/charts/free-apps/images/2018/8/f17349af870e4c83ad1930edaa49e0dd2ca2191c5d534c31b0c466c89e92fe1a.jpg
Axe Climber,Games,https://itunes.apple.com/us/app/axe-climber/id1355767781?mt=8&uo=4&v0=WWW-NAUS-ITSTOP100-FREEAPPS&l=en,https://www.apple.com/autopush/us/itunes/charts/free-apps/images/2018/8/634edddb11276bf075df86c73231d2cbd485b3b882e5c5368d1e48ef9be6fcd8.jpg
Color Road!,Games,https://itunes.apple.com/us/app/color-road/id1342468799?mt=8&uo=4&v0=WWW-NAUS-ITSTOP100-FREEAPPS&l=en,https://www.apple.com/autopush/us/itunes/charts/free-apps/images/2018/8/c3f4f02566c6db4eef70dc0a12bf05c863c509e685bf1bc9f505acf1bfdc02a2.jpg
SoundCloud - Music & Audio,Music,https://itunes.apple.com/us/app/soundcloud-music-audio/id336353151?mt=8&uo=4&v0=WWW-NAUS-ITSTOP100-FREEAPPS&l=en,https://www.apple.com/autopush/us/itunes/charts/free-apps/images/2018/8/6474603b70c9fd92672a6a99ebf2be735dbb38a58ff74185bf3ca71040deefad.jpg
"Find My Family, Friends, Phone",Social Networking,https://itunes.apple.com/us/app/find-my-family-friends-phone/id384830320?mt=8&uo=4&v0=WWW-NAUS-ITSTOP100-FREEAPPS&l=en,https://www.apple.com/autopush/us/itunes/charts/free-apps/images/2018/8/0dcbbb9dfedb2c39850266fe97d7ef93a201d553c0ea8af35e2ec9e7acec0c38.jpg
Word Crossy - A crossword game,Games,https://itunes.apple.com/us/app/word-crossy-a-crossword-game/id1273162445?mt=8&uo=4&v0=WWW-NAUS-ITSTOP100-FREEAPPS&l=en,https://www.apple.com/autopush/us/itunes/charts/free-apps/images/2018/8/bca56707328b33cd513fc1b0f6fe87705616f2df3fc3047fd198825e56ebb275.jpg
Bible,Reference,https://itunes.apple.com/us/app/bible/id282935706?mt=8&uo=4&v0=WWW-NAUS-ITSTOP100-FREEAPPS&l=en,https://www.apple.com/autopush/us/itunes/charts/free-apps/images/2018/8/73e238eadf836acf71517fe50b5dff8eeb42048f620999698ff8014869847db1.jpg
PayPal: Mobile Cash,Finance,https://itunes.apple.com/us/app/paypal-mobile-cash/id283646709?mt=8&uo=4&v0=WWW-NAUS-ITSTOP100-FREEAPPS&l=en,https://www.apple.com/autopush/us/itunes/charts/free-apps/images/2018/8/f9ec08a1d8626c77a47991b8677c7fb12e4b549c715dc28cecd53dbb6c1b5ccf.jpg
Subway Surfers,Games,https://itunes.apple.com/us/app/subway-surfers/id512939461?mt=8&uo=4&v0=WWW-NAUS-ITSTOP100-FREEAPPS&l=en,https://www.apple.com/autopush/us/itunes/charts/free-apps/images/2018/8/9206032743a2c37700a2c957d9d72b0888bc630d9115fc57f2d880b8fbefa28e.jpg
Piano Tiles 2™,Games,https://itunes.apple.com/us/app/piano-tiles-2/id1027688889?mt=8&uo=4&v0=WWW-NAUS-ITSTOP100-FREEAPPS&l=en,https://www.apple.com/autopush/us/itunes/charts/free-apps/images/2018/8/74d1450ee1dce69e20e999ababd2d4697f29d80de8c0ed28f23071d1b87b7548.jpg
Slices,Games,https://itunes.apple.com/us/app/slices/id1263934706?mt=8&uo=4&v0=WWW-NAUS-ITSTOP100-FREEAPPS&l=en,https://www.apple.com/autopush/us/itunes/charts/free-apps/images/2018/8/5f8f40fc8afe3d1aac1a0ff9ceca6ef352c101fb04389acc24aba3aceaac7bb3.jpg
Asphalt 9: Legends,Games,https://itunes.apple.com/us/app/asphalt-9-legends/id805603214?mt=8&uo=4&v0=WWW-NAUS-ITSTOP100-FREEAPPS&l=en,https://www.apple.com/autopush/us/itunes/charts/free-apps/images/2018/8/34a914fb7a43e30b7b9d0b707a82895de6211d1c74458f02324b77b36c677676.jpg
Poshmark,Shopping,https://itunes.apple.com/us/app/poshmark/id470412147?mt=8&uo=4&v0=WWW-NAUS-ITSTOP100-FREEAPPS&l=en,https://www.apple.com/autopush/us/itunes/charts/free-apps/images/2018/8/4631b72200120e5de6aad13981071f3943a9b760d8a4be891a67730ab48ceab5.jpg
Emoji Me Keyboard | Zmoji,Utilities,https://itunes.apple.com/us/app/emoji-me-keyboard-zmoji/id1112879753?mt=8&uo=4&v0=WWW-NAUS-ITSTOP100-FREEAPPS&l=en,https://www.apple.com/autopush/us/itunes/charts/free-apps/images/2018/8/f2c5fc02ca7f7e39b617406a83365408eabc9aa0fea284a850e0445f084ef9c0.jpg
Baseball Boy!,Games,https://itunes.apple.com/us/app/baseball-boy/id1333523965?mt=8&uo=4&v0=WWW-NAUS-ITSTOP100-FREEAPPS&l=en,https://www.apple.com/autopush/us/itunes/charts/free-apps/images/2018/8/953823a71842ecd10362d0ad6a40985fd4af7109f44a1bc479ba403f818f2a13.jpg
DoorDash - Order Food Delivery,Food & Drink,https://itunes.apple.com/us/app/doordash-order-food-delivery/id719972451?mt=8&uo=4&v0=WWW-NAUS-ITSTOP100-FREEAPPS&l=en,https://www.apple.com/autopush/us/itunes/charts/free-apps/images/2018/8/e29a7bfef241731b6ef889e639da367c670a893bdcbe52e7683f8c87033c0829.jpg
letgo: Buy & Sell Used Stuff,Shopping,https://itunes.apple.com/us/app/letgo-buy-sell-used-stuff/id986339882?mt=8&uo=4&v0=WWW-NAUS-ITSTOP100-FREEAPPS&l=en,https://www.apple.com/autopush/us/itunes/charts/free-apps/images/2018/8/1db203926b4009da8b97257bbb6a6f6765f90b475ba83f3cfd62db97ac5f0098.jpg
Google Drive,Productivity,https://itunes.apple.com/us/app/google-drive/id507874739?mt=8&uo=4&v0=WWW-NAUS-ITSTOP100-FREEAPPS&l=en,https://www.apple.com/autopush/us/itunes/charts/free-apps/images/2018/8/0c602b56ca1f0b600c2b55aa3a1a5891391b11ddf50c5c5a50374cca28a9141d.jpg
Wordscapes,Games,https://itunes.apple.com/us/app/wordscapes/id1207472156?mt=8&uo=4&v0=WWW-NAUS-ITSTOP100-FREEAPPS&l=en,https://www.apple.com/autopush/us/itunes/charts/free-apps/images/2018/8/3dfa1290fc0295437be20f9d80a9b6bc13e60b44a21ed378310ae15b7703a3b8.jpg
Target,Shopping,https://itunes.apple.com/us/app/target/id297430070?mt=8&uo=4&v0=WWW-NAUS-ITSTOP100-FREEAPPS&l=en,https://www.apple.com/autopush/us/itunes/charts/free-apps/images/2018/8/3b1e36af620f4eb7a7e1087d634aaaaf910bed3cae8958fff93c7d522d371c98.jpg
Episode - Choose Your Story,Games,https://itunes.apple.com/us/app/episode-choose-your-story/id656971078?mt=8&uo=4&v0=WWW-NAUS-ITSTOP100-FREEAPPS&l=en,https://www.apple.com/autopush/us/itunes/charts/free-apps/images/2018/8/e5041e2e529822a6030dac99a0e18ebe28249a34e40814c17aa594897931fb18.jpg
Walmart – Shopping and Saving,Shopping,https://itunes.apple.com/us/app/walmart-shopping-and-saving/id338137227?mt=8&uo=4&v0=WWW-NAUS-ITSTOP100-FREEAPPS&l=en,https://www.apple.com/autopush/us/itunes/charts/free-apps/images/2018/8/e28fa8d4b1746797ddb3394f48bd4b7694ff9ce3ac7785aaf2fb308738d5fd29.jpg
RollerCoaster Tycoon® Touch™,Games,https://itunes.apple.com/us/app/rollercoaster-tycoon-touch/id1164507836?mt=8&uo=4&v0=WWW-NAUS-ITSTOP100-FREEAPPS&l=en,https://www.apple.com/autopush/us/itunes/charts/free-apps/images/2018/8/d682af63648477f530874f9c3e9a43e83ae2b94b4a19f074a85fdb1b0a7d3cf8.jpg
Amazon Prime Video,Entertainment,https://itunes.apple.com/us/app/amazon-prime-video/id545519333?mt=8&uo=4&v0=WWW-NAUS-ITSTOP100-FREEAPPS&l=en,https://www.apple.com/autopush/us/itunes/charts/free-apps/images/2018/8/7ea7ab4753b16468d56b8d107c8853f94c8ec9eddf720c770955db0a61074e7c.jpg
GroupMe,Social Networking,https://itunes.apple.com/us/app/groupme/id392796698?mt=8&uo=4&v0=WWW-NAUS-ITSTOP100-FREEAPPS&l=en,https://www.apple.com/autopush/us/itunes/charts/free-apps/images/2018/8/0ef4f9819c28afcf742375acc73c03f1a857e6d40144717479c6e7ed63c9b219.jpg
Coin Dozer: Casino,Games,https://itunes.apple.com/us/app/coin-dozer-casino/id1096825045?mt=8&uo=4&v0=WWW-NAUS-ITSTOP100-FREEAPPS&l=en,https://www.apple.com/autopush/us/itunes/charts/free-apps/images/2018/8/dbdadff32ee50205c20758779d0ccb89f7cb53c4ef2b5a7bb47ababf7ce68805.jpg
Run Around 웃,Games,https://itunes.apple.com/us/app/run-around-%EC%9B%83/id1358243461?mt=8&uo=4&v0=WWW-NAUS-ITSTOP100-FREEAPPS&l=en,https://www.apple.com/autopush/us/itunes/charts/free-apps/images/2018/8/d973c7d74892abd0f36e57f36839d5b73cba00c886962aff9a8ba69617fa8f0d.jpg
Live Wallpapers Now,Lifestyle,https://itunes.apple.com/us/app/live-wallpapers-now/id1098805023?mt=8&uo=4&v0=WWW-NAUS-ITSTOP100-FREEAPPS&l=en,https://www.apple.com/autopush/us/itunes/charts/free-apps/images/2018/8/3a39b210a2f65bb8049318635df301661756dba405551e469c01527fbf7c49a7.jpg
Toon Blast,Games,https://itunes.apple.com/us/app/toon-blast/id1176027022?mt=8&uo=4&v0=WWW-NAUS-ITSTOP100-FREEAPPS&l=en,https://www.apple.com/autopush/us/itunes/charts/free-apps/images/2018/8/34d276bc65268e9280e4ba4b620ad9e69c536e010f84343c19df344403ba4ac0.jpg
Groupon,Shopping,https://itunes.apple.com/us/app/groupon/id352683833?mt=8&uo=4&v0=WWW-NAUS-ITSTOP100-FREEAPPS&l=en,https://www.apple.com/autopush/us/itunes/charts/free-apps/images/2018/8/9d455903532a3ea822dbb962234f0800628c79390dd046ade63ab09f50cadae2.jpg
Candy Crush Saga,Games,https://itunes.apple.com/us/app/candy-crush-saga/id553834731?mt=8&uo=4&v0=WWW-NAUS-ITSTOP100-FREEAPPS&l=en,https://www.apple.com/autopush/us/itunes/charts/free-apps/images/2018/8/4c7126b0be501fa96739c8e10afa5fe6db700e30c34196a7a94b585e04fcd8ca.jpg
Bricks n Balls,Games,https://itunes.apple.com/us/app/bricks-n-balls/id1331794412?mt=8&uo=4&v0=WWW-NAUS-ITSTOP100-FREEAPPS&l=en,https://www.apple.com/autopush/us/itunes/charts/free-apps/images/2018/8/bb1f46580d7c8e8fb5623e73d12622dcdbec16c2af99a1ce93925b13723fc2a6.jpg
Celebrity Voice Changer -Emoji,Entertainment,https://itunes.apple.com/us/app/celebrity-voice-changer-emoji/id1111710488?mt=8&uo=4&v0=WWW-NAUS-ITSTOP100-FREEAPPS&l=en,https://www.apple.com/autopush/us/itunes/charts/free-apps/images/2018/8/a358eaf2a06d73a1d434de35e463629c37f2c1354a8b9e5bd6611f4807b5b7e8.jpg
"eBay: Buy, sell & save today",Shopping,https://itunes.apple.com/us/app/ebay-buy-sell-save-today/id282614216?mt=8&uo=4&v0=WWW-NAUS-ITSTOP100-FREEAPPS&l=en,https://www.apple.com/autopush/us/itunes/charts/free-apps/images/2018/8/eff4913a3c539bb3e9658fbba74a22aad425481ac6d92b55b5bb97c505676f8b.jpg
Bird - Enjoy The Ride,Travel,https://itunes.apple.com/us/app/bird-enjoy-the-ride/id1260842311?mt=8&uo=4&v0=WWW-NAUS-ITSTOP100-FREEAPPS&l=en,https://www.apple.com/autopush/us/itunes/charts/free-apps/images/2018/8/580b16bac0f75affaafc4112364edd8d80ac050fd1b2a0911185526a59ba377d.jpg
Snake VS Block,Games,https://itunes.apple.com/us/app/snake-vs-block/id1233739175?mt=8&uo=4&v0=WWW-NAUS-ITSTOP100-FREEAPPS&l=en,https://www.apple.com/autopush/us/itunes/charts/free-apps/images/2018/8/10a47bb273c6f23b4c0206be103c251e77ab6abe54ec12f239e2d52a53edbc84.jpg
Solitaire·,Games,https://itunes.apple.com/us/app/solitaire/id593715088?mt=8&uo=4&v0=WWW-NAUS-ITSTOP100-FREEAPPS&l=en,https://www.apple.com/autopush/us/itunes/charts/free-apps/images/2018/8/7fbfa9357d445bb5cb11efa987c8cf57e0a303ec4e31ed0e0b83812fb83b1f37.jpg
Planet Bomber!,Games,https://itunes.apple.com/us/app/planet-bomber/id1376833419?mt=8&uo=4&v0=WWW-NAUS-ITSTOP100-FREEAPPS&l=en,https://www.apple.com/autopush/us/itunes/charts/free-apps/images/2018/8/205a7e93fc97e11900d5807657df29949abf543a3e61ad125746aaad8e96719f.jpg
Granny,Games,https://itunes.apple.com/us/app/granny/id1323957120?mt=8&uo=4&v0=WWW-NAUS-ITSTOP100-FREEAPPS&l=en,https://www.apple.com/autopush/us/itunes/charts/free-apps/images/2018/8/f1b65b920cfb300cb4e2c769f20b5342208a688c131b986f5c140281b828b6de.jpg
Bowmasters - Multiplayer Game,Games,https://itunes.apple.com/us/app/bowmasters-multiplayer-game/id1118431695?mt=8&uo=4&v0=WWW-NAUS-ITSTOP100-FREEAPPS&l=en,https://www.apple.com/autopush/us/itunes/charts/free-apps/images/2018/8/233f8216e0ba670204ee702681348fb99601fac80eb0a072d98af3c4472aaa79.jpg
Zillow: Houses For Sale & Rent,Lifestyle,https://itunes.apple.com/us/app/zillow-houses-for-sale-rent/id310738695?mt=8&uo=4&v0=WWW-NAUS-ITSTOP100-FREEAPPS&l=en,https://www.apple.com/autopush/us/itunes/charts/free-apps/images/2018/8/d35b6c4d37e1764231f91b3c1d3fd11b93ec2094f6e599848806e3851006146b.jpg
Microsoft Outlook,Productivity,https://itunes.apple.com/us/app/microsoft-outlook/id951937596?mt=8&uo=4&v0=WWW-NAUS-ITSTOP100-FREEAPPS&l=en,https://www.apple.com/autopush/us/itunes/charts/free-apps/images/2018/8/d9b13c9cbff2c534dc0988239bcfa22f1e084b101dc54df665477e95a80d94ce.jpg
Shazam,Music,https://itunes.apple.com/us/app/shazam/id284993459?mt=8&uo=4&v0=WWW-NAUS-ITSTOP100-FREEAPPS&l=en,https://www.apple.com/autopush/us/itunes/charts/free-apps/images/2018/8/0f2883e8926a0ec7afb3595427534949839013189a070eb68d2f8dcc0045c503.jpg
Lime - Your Ride Anytime,Travel,https://itunes.apple.com/us/app/lime-your-ride-anytime/id1199780189?mt=8&uo=4&v0=WWW-NAUS-ITSTOP100-FREEAPPS&l=en,https://www.apple.com/autopush/us/itunes/charts/free-apps/images/2018/8/c049de4b5915b3b1200ca829078185acb36fe7b9a32cc64f31fc1ef02d44380e.jpg
Woody Puzzle,Games,https://itunes.apple.com/us/app/woody-puzzle/id1212951043?mt=8&uo=4&v0=WWW-NAUS-ITSTOP100-FREEAPPS&l=en,https://www.apple.com/autopush/us/itunes/charts/free-apps/images/2018/8/5644ae3c4ea5afd0432ce2fcedcdb2b56658a0490c9411545dcb1e83da69c984.jpg
Starbucks,Food & Drink,https://itunes.apple.com/us/app/starbucks/id331177714?mt=8&uo=4&v0=WWW-NAUS-ITSTOP100-FREEAPPS&l=en,https://www.apple.com/autopush/us/itunes/charts/free-apps/images/2018/8/1376fa0f8ef50984904062f9c6c151d9ad525e76c27364b3be4b3217f11ec837.jpg
8 Ball Pool™,Games,https://itunes.apple.com/us/app/8-ball-pool/id543186831?mt=8&uo=4&v0=WWW-NAUS-ITSTOP100-FREEAPPS&l=en,https://www.apple.com/autopush/us/itunes/charts/free-apps/images/2018/8/ddfbb1edd02b423888cb644cc69b1e2cfd1acc3f342bebe96fbfd8d0f0d47772.jpg
Nike,Shopping,https://itunes.apple.com/us/app/nike/id1095459556?mt=8&uo=4&v0=WWW-NAUS-ITSTOP100-FREEAPPS&l=en,https://www.apple.com/autopush/us/itunes/charts/free-apps/images/2018/8/7cba67bdaef277c17edc370b590cd1791f51d62e8330ed5f90a96315e387decd.jpg
Love Balls,Games,https://itunes.apple.com/us/app/love-balls/id1348173937?mt=8&uo=4&v0=WWW-NAUS-ITSTOP100-FREEAPPS&l=en,https://www.apple.com/autopush/us/itunes/charts/free-apps/images/2018/8/24acc919e4e271ec22632a4648f968c23f849e5f7d97d191ea09648dab9393e5.jpg
Ball Blast,Games,https://itunes.apple.com/us/app/ball-blast/id1383187127?mt=8&uo=4&v0=WWW-NAUS-ITSTOP100-FREEAPPS&l=en,https://www.apple.com/autopush/us/itunes/charts/free-apps/images/2018/8/4f0bf01a936b9e3dba3fd78e5223fd2551a1962f83da6dd55a1dd0f3a9c1d5c3.jpg
Musi - Simple Music Streaming,Music,https://itunes.apple.com/us/app/musi-simple-music-streaming/id591560124?mt=8&uo=4&v0=WWW-NAUS-ITSTOP100-FREEAPPS&l=en,https://www.apple.com/autopush/us/itunes/charts/free-apps/images/2018/8/7cd4fcf8860c1a4abdb6c286cb497dfe71b82a67a961989af9686dba7dd74972.jpg
Google Translate,Reference,https://itunes.apple.com/us/app/google-translate/id414706506?mt=8&uo=4&v0=WWW-NAUS-ITSTOP100-FREEAPPS&l=en,https://www.apple.com/autopush/us/itunes/charts/free-apps/images/2018/8/f4a2c4f7c4877ce719e9bab15b03c6528a5783c52b3140530c61d89c1c2cf8aa.jpg
Discord,Social Networking,https://itunes.apple.com/us/app/discord/id985746746?mt=8&uo=4&v0=WWW-NAUS-ITSTOP100-FREEAPPS&l=en,https://www.apple.com/autopush/us/itunes/charts/free-apps/images/2018/8/cf0621efff6c8cb2bc8c45a06f39f9491af10d484bf4648493c60f9a750f1de5.jpg
Rolling Sky,Games,https://itunes.apple.com/us/app/rolling-sky/id1036661603?mt=8&uo=4&v0=WWW-NAUS-ITSTOP100-FREEAPPS&l=en,https://www.apple.com/autopush/us/itunes/charts/free-apps/images/2018/8/4ba314969aeb6942ef7a00ebaef67274a52359899a024d638d8b0cbec199bff0.jpg
Grubhub: Local Food Delivery,Food & Drink,https://itunes.apple.com/us/app/grubhub-food-delivery/id302920553?mt=8&uo=4&v0=WWW-NAUS-ITSTOP100-FREEAPPS&l=en,https://www.apple.com/autopush/us/itunes/charts/free-apps/images/2018/8/c1fe10dace513430d33ecc3fcd2e65b943c4eaec1bd481492812ea9d49aa357b.jpg
